grad_norm,loss,loss_q0,mse,mse_q0,samples,step,loss_q1,loss_q2,loss_q3,mse_q1,mse_q2,mse_q3
1.992775234040025,0.9956579208374023,0.9956579208374023,0.9956579208374023,0.9956579208374023,1,0,,,,,,
0.6572059190757457,0.07243046832364075,0.14304420946395954,0.07243046832364075,0.14304420946395954,1001,1000,0.04714708652605591,0.038997492119364575,0.059138490928316224,0.04714708652605591,0.038997492119364575,0.059138490928316224
0.32004746760868086,0.023428303465480003,0.07098115834007308,0.023428303465480003,0.07098115834007308,2001,2000,0.014724423231605851,0.00468299304642281,0.002809598116019449,0.014724423231605851,0.00468299304642281,0.002809598116019449
0.26732838195728403,0.02139906452409921,0.06798008186665701,0.02139906452409921,0.06798008186665701,3001,3000,0.013243566413593448,0.0038701828587800265,0.0019837601003466093,0.013243566413593448,0.0038701828587800265,0.0019837601003466093
0.24670678202490648,0.018918809746566696,0.05522047275484634,0.018918809746566696,0.05522047275484634,4001,4000,0.012855098660716411,0.0035826719456141993,0.0016040233567901799,0.012855098660716411,0.0035826719456141993,0.0016040233567901799
0.245811205518922,0.02039870967034949,0.0618136237678824,0.02039870967034949,0.0618136237678824,5001,5000,0.012362871228039944,0.0038000242667301574,0.0014716087776875152,0.012362871228039944,0.0038000242667301574,0.0014716087776875152
0.2181295880987834,0.017289342054398707,0.05199385836720468,0.017289342054398707,0.05199385836720468,6001,6000,0.012044183659982163,0.0034951951160064314,0.0013422033875599032,0.012044183659982163,0.0034951951160064314,0.0013422033875599032
0.22357850345766447,0.018020796504511945,0.06047479212698014,0.018020796504511945,0.06047479212698014,7001,7000,0.011972173516239443,0.003507239647755718,0.0013694901858868351,0.011972173516239443,0.003507239647755718,0.0013694901858868351
0.21796107868912246,0.019030869818583585,0.05676092724188991,0.019030869818583585,0.05676092724188991,8001,8000,0.01261450205451522,0.0033472277292137236,0.0013760316925653892,0.01261450205451522,0.0033472277292137236,0.0013760316925653892
0.22397083569782658,0.01892031991539986,0.05889364888389539,0.01892031991539986,0.05889364888389539,9001,9000,0.011993285502410593,0.0032436470283155766,0.0013478856036131276,0.011993285502410593,0.0032436470283155766,0.0013478856036131276
0.20551574338463494,0.016183267083717506,0.054458605790172115,0.016183267083717506,0.054458605790172115,10001,10000,0.011822419003813658,0.00303127303626029,0.001193712773198594,0.011822419003813658,0.00303127303626029,0.001193712773198594
0.1904374972494988,0.014568327170825788,0.046772268835653004,0.014568327170825788,0.046772268835653004,11001,11000,0.010923436686505366,0.0029196283028340955,0.001054704575164846,0.010923436686505366,0.0029196283028340955,0.001054704575164846
0.19632185843608005,0.016451182367221887,0.05229397079674527,0.016451182367221887,0.05229397079674527,12001,12000,0.011584053246675411,0.002981321764372747,0.0010932938837190619,0.011584053246675411,0.002981321764372747,0.0010932938837190619
0.20189383475521308,0.016884565908170807,0.05137656320140784,0.016884565908170807,0.05137656320140784,13001,13000,0.01161367184955232,0.0030751091014075593,0.001101109814181315,0.01161367184955232,0.0030751091014075593,0.001101109814181315
0.20043850030263577,0.01716903168064894,0.05491083697223469,0.01716903168064894,0.05491083697223469,14001,14000,0.01118917282789,0.0031611613385065115,0.0010654023636253878,0.01118917282789,0.0031611613385065115,0.0010654023636253878
0.182550720163734,0.015029613601393047,0.04481831174418035,0.015029613601393047,0.04481831174418035,15001,15000,0.010916302669630928,0.002961921374604805,0.000918204165888407,0.010916302669630928,0.002961921374604805,0.000918204165888407
0.18935815108937065,0.015854895486874694,0.0482779017010448,0.015854895486874694,0.0482779017010448,16001,16000,0.010718669578682439,0.003062686271477375,0.0010214965967855084,0.010718669578682439,0.003062686271477375,0.0010214965967855084
0.18825096384215081,0.015909629221219787,0.05048702568289077,0.015909629221219787,0.05048702568289077,17001,17000,0.010266635846729863,0.00301470680068698,0.0009852376794557902,0.010266635846729863,0.00301470680068698,0.0009852376794557902
0.186770263110848,0.017936120006110255,0.05473941373620832,0.017936120006110255,0.05473941373620832,18001,18000,0.011086648582172846,0.0029009269756370636,0.0010127810777462365,0.011086648582172846,0.0029009269756370636,0.0010127810777462365
0.17567272467920775,0.014457761755620597,0.0425872005013577,0.014457761755620597,0.0425872005013577,19001,19000,0.010700890435342544,0.003002783985450589,0.0008708983790464857,0.010700890435342544,0.003002783985450589,0.0008708983790464857
0.1833599148931836,0.015988587212545074,0.048950077309106235,0.015988587212545074,0.048950077309106235,20001,20000,0.011501635266941472,0.00291390525795549,0.0009635148257635028,0.011501635266941472,0.00291390525795549,0.0009635148257635028
0.18296628178595778,0.016452906976977835,0.05177460895965295,0.016452906976977835,0.05177460895965295,21001,21000,0.010794774968338406,0.003011131599404902,0.0009673943477228943,0.010794774968338406,0.003011131599404902,0.0009673943477228943
0.18054878388395104,0.01757430487486998,0.05165290986153762,0.01757430487486998,0.05165290986153762,22001,22000,0.011142237271997132,0.0028160232986437555,0.0009168121233991988,0.011142237271997132,0.0028160232986437555,0.0009168121233991988
0.1732181740932717,0.01538312927659718,0.04859329398651319,0.01538312927659718,0.04859329398651319,23001,23000,0.010700589564145989,0.002690092609670485,0.0008463158739085799,0.010700589564145989,0.002690092609670485,0.0008463158739085799
0.1678695903257383,0.01469147285289364,0.04434794015325015,0.01469147285289364,0.04434794015325015,24001,24000,0.010673661625421629,0.002771675945848953,0.0008509474002731203,0.010673661625421629,0.002771675945848953,0.0008509474002731203
0.16966235802322624,0.015661828337397297,0.046819618744883496,0.015661828337397297,0.046819618744883496,25001,25000,0.01035413654753938,0.0027997580030139284,0.000871742603253534,0.01035413654753938,0.0027997580030139284,0.000871742603253534
0.1628055609446394,0.014101371073542417,0.04468947310486567,0.014101371073542417,0.04468947310486567,26001,26000,0.011124655757778032,0.002727041491518604,0.0008066338303023188,0.011124655757778032,0.002727041491518604,0.0008066338303023188
0.16686076751720927,0.01442241286282661,0.04720072240895061,0.01442241286282661,0.04720072240895061,27001,27000,0.01051916861465073,0.002704855985939507,0.0008325445617384158,0.01051916861465073,0.002704855985939507,0.0008325445617384158
0.16366570903647737,0.01435220037607359,0.041519722629051965,0.01435220037607359,0.041519722629051965,28001,28000,0.011219872924699335,0.002776991732669279,0.0008236392484582781,0.011219872924699335,0.002776991732669279,0.0008236392484582781
0.16776538159942297,0.014309837976383273,0.04344577898812151,0.014309837976383273,0.04344577898812151,29001,29000,0.010725614197261408,0.0029761821155095086,0.0008440889656707548,0.010725614197261408,0.0029761821155095086,0.0008440889656707548
0.16139312987968024,0.014447019281884417,0.044288655838711916,0.014447019281884417,0.044288655838711916,30001,30000,0.0099402551877727,0.0027048796508461243,0.0007721571709994867,0.0099402551877727,0.0027048796508461243,0.0007721571709994867
0.16327829511169156,0.01539371722428773,0.04575303892199771,0.01539371722428773,0.04575303892199771,31001,31000,0.010319452446092631,0.0026932961022270133,0.0008132902346730915,0.010319452446092631,0.0026932961022270133,0.0008132902346730915
0.16086483482090078,0.015201287267613267,0.04825096530644965,0.015201287267613267,0.04825096530644965,32001,32000,0.010576088236175707,0.002728790178419634,0.0007888527283463263,0.010576088236175707,0.002728790178419634,0.0007888527283463263
0.1621750819311669,0.01622580008579826,0.04968953425510566,0.01622580008579826,0.04968953425510566,33001,33000,0.009957875587977469,0.0026664276329381757,0.0007673969417745484,0.009957875587977469,0.0026664276329381757,0.0007673969417745484
0.15335072599225327,0.014112534034851716,0.04288372398918886,0.014112534034851716,0.04288372398918886,34001,34000,0.010100093568839574,0.0027458665573522776,0.0007339189135236669,0.010100093568839574,0.0027458665573522776,0.0007339189135236669
0.1578657424082146,0.014785341261274856,0.04588065094748634,0.014785341261274856,0.04588065094748634,35001,35000,0.010539206140777212,0.002668625170049531,0.0007849599902448409,0.010539206140777212,0.002668625170049531,0.0007849599902448409
0.15879136570458285,0.014635612348647572,0.040516822815618726,0.014635612348647572,0.040516822815618726,36001,36000,0.010930562844287945,0.0026396903896289048,0.0007854803816665093,0.010930562844287945,0.0026396903896289048,0.0007854803816665093
0.15421714440784762,0.013275299062443098,0.04418069080673848,0.013275299062443098,0.04418069080673848,37001,37000,0.010350998713607515,0.0027307347868597556,0.0007976503981614904,0.010350998713607515,0.0027307347868597556,0.0007976503981614904
0.15969099709228407,0.016030541182408323,0.048838044845548816,0.016030541182408323,0.048838044845548816,38001,38000,0.01000115436301389,0.002570256924477915,0.0008077616314646251,0.01000115436301389,0.002570256924477915,0.0008077616314646251
0.15223532914110124,0.016135364866960992,0.048130286297984055,0.016135364866960992,0.048130286297984055,39001,39000,0.010265497878814733,0.002676097613935971,0.0007252048269977228,0.010265497878814733,0.002676097613935971,0.0007252048269977228
0.1425339890756968,0.01206621469298261,0.03842630816853324,0.01206621469298261,0.03842630816853324,40001,40000,0.01018555458792817,0.0024807536639969824,0.0006911947242219706,0.01018555458792817,0.0024807536639969824,0.0006911947242219706
0.1474274544178993,0.012999453604672475,0.044160612169209704,0.012999453604672475,0.044160612169209704,41001,41000,0.010018123910258863,0.0026879258130880312,0.0007122672160149259,0.010018123910258863,0.0026879258130880312,0.0007122672160149259
0.1502418668386109,0.016043480041713336,0.05209636588530669,0.016043480041713336,0.05209636588530669,42001,42000,0.010416453233010981,0.0027144575016755696,0.0007175471894916986,0.010416453233010981,0.0027144575016755696,0.0007175471894916986
0.14727247259759585,0.014094791976051029,0.04274402980692688,0.014094791976051029,0.04274402980692688,43001,43000,0.010150354843148418,0.0025342061466429953,0.0006874486859119993,0.010150354843148418,0.0025342061466429953,0.0006874486859119993
0.14544646472954922,0.013592208683505297,0.04312947920213146,0.013592208683505297,0.04312947920213146,44001,44000,0.010835692246691288,0.002503605039981752,0.0006908756352560087,0.010835692246691288,0.002503605039981752,0.0006908756352560087
0.14523842270287723,0.015482429491210495,0.04510808853274454,0.015482429491210495,0.04510808853274454,45001,45000,0.010199369001106079,0.0025853092478253146,0.0006935535900758562,0.010199369001106079,0.0025853092478253146,0.0006935535900758562
0.14081794971907755,0.015096297652809905,0.04438269184365011,0.015096297652809905,0.04438269184365011,46001,46000,0.010188920517710394,0.002535296233232926,0.0006679666678592426,0.010188920517710394,0.002535296233232926,0.0006679666678592426
0.14506021915115672,0.01422656085956261,0.04173326820023076,0.01422656085956261,0.04173326820023076,47001,47000,0.009331980435486853,0.0025169280177124178,0.0007626786935133093,0.009331980435486853,0.0025169280177124178,0.0007626786935133093
0.14317229532093614,0.0131772183609719,0.0405257106508505,0.0131772183609719,0.0405257106508505,48001,48000,0.010216661165373364,0.0027816606294155544,0.0006839920715856178,0.010216661165373364,0.0027816606294155544,0.0006839920715856178
0.14132780329094285,0.014934426114283266,0.044598948739066335,0.014934426114283266,0.044598948739066335,49001,49000,0.010310403036094642,0.0025720939223947063,0.0006973407241363722,0.010310403036094642,0.0025720939223947063,0.0006973407241363722
0.13615190008236158,0.013755241356513608,0.04049780923016071,0.013755241356513608,0.04049780923016071,50001,50000,0.010318535297988448,0.002514694035248158,0.0006639641804504207,0.010318535297988448,0.002514694035248158,0.0006639641804504207
0.13817597066994936,0.014575464820838553,0.04638829809515092,0.014575464820838553,0.04638829809515092,51001,51000,0.009574630778903758,0.002671696013292651,0.0006980787045847814,0.009574630778903758,0.002671696013292651,0.0006980787045847814
0.13621671351116332,0.014838041760987807,0.04414443102286347,0.014838041760987807,0.04414443102286347,52001,52000,0.009864299047558766,0.0025462745279697203,0.000655768381316686,0.009864299047558766,0.0025462745279697203,0.000655768381316686
0.13110211588879597,0.013124840342003152,0.04074812422563533,0.013124840342003152,0.04074812422563533,53001,53000,0.009956703901503086,0.0024576779948055336,0.0006515525564121649,0.009956703901503086,0.0024576779948055336,0.0006515525564121649
0.1345581446231942,0.014022886486578512,0.04434153113583739,0.014022886486578512,0.04434153113583739,54001,54000,0.010278436740469412,0.002470937129445169,0.0006909934401141514,0.010278436740469412,0.002470937129445169,0.0006909934401141514
0.12946914334348222,0.011924726879675282,0.03746008863267688,0.011924726879675282,0.03746008863267688,55001,55000,0.009558524069937216,0.00247567684223747,0.0006716755199363872,0.009558524069937216,0.00247567684223747,0.0006716755199363872
0.13010357470142836,0.012576124723273083,0.040556085773731654,0.012576124723273083,0.040556085773731654,56001,56000,0.009723448604609254,0.0025044806527467368,0.0006544371231113701,0.009723448604609254,0.0025044806527467368,0.0006544371231113701
0.1334480482043249,0.014864545326316137,0.04541199669256463,0.014864545326316137,0.04541199669256463,57001,57000,0.009681180108427277,0.0025903987160955507,0.0006513808278381185,0.009681180108427277,0.0025903987160955507,0.0006513808278381185
0.13154032545016092,0.014184067919472004,0.043091432035592674,0.014184067919472004,0.043091432035592674,58001,58000,0.009969294272861853,0.0026434383103750305,0.000649412021749233,0.009969294272861853,0.0026434383103750305,0.000649412021749233
0.1291942019767973,0.014542999963843603,0.04301471678547201,0.014542999963843603,0.04301471678547201,59001,59000,0.009920255577960896,0.0025192351095620676,0.0006561249367044442,0.009920255577960896,0.0025192351095620676,0.0006561249367044442
0.12957735897079584,0.014966287761228169,0.04559891154058279,0.014966287761228169,0.04559891154058279,60001,60000,0.010083197772095652,0.0025567255839725194,0.0006381296163840976,0.010083197772095652,0.0025567255839725194,0.0006381296163840976
0.1255912285179078,0.013179533765447568,0.043241043284323905,0.013179533765447568,0.043241043284323905,61001,61000,0.010054610977827227,0.002485004043698596,0.0006316171876618713,0.010054610977827227,0.002485004043698596,0.0006316171876618713
0.12532218155730016,0.014092276224007955,0.045250439154915535,0.014092276224007955,0.045250439154915535,62001,62000,0.0099361412307373,0.0026752230262907257,0.0006084370660914827,0.0099361412307373,0.0026752230262907257,0.0006084370660914827
0.1262256194532271,0.013511521260603322,0.042760272127089466,0.013511521260603322,0.042760272127089466,63001,63000,0.009776829838579113,0.0023800046897438716,0.0006600887561123071,0.009776829838579113,0.0023800046897438716,0.0006600887561123071
0.1261176904412947,0.014447116582203302,0.04327207162546423,0.014447116582203302,0.04327207162546423,64001,64000,0.010055089527092685,0.0025719250695565555,0.0006581538810095087,0.010055089527092685,0.0025719250695565555,0.0006581538810095087
0.12419807634649624,0.013232784676889426,0.04239934834617159,0.013232784676889426,0.04239934834617159,65001,65000,0.009721640986931875,0.0025247102322313807,0.000642849985647655,0.009721640986931875,0.0025247102322313807,0.000642849985647655
0.1257063323351039,0.013476561176677934,0.0445973817858637,0.013476561176677934,0.0445973817858637,66001,66000,0.009329765831474908,0.0026528042220661484,0.0006486739191185576,0.009329765831474908,0.0026528042220661484,0.0006486739191185576
0.1232459924061357,0.01357254082604776,0.04176067800340262,0.01357254082604776,0.04176067800340262,67001,67000,0.009782128515765978,0.0026517647506860906,0.0006219419034896425,0.009782128515765978,0.0026517647506860906,0.0006219419034896425
0.12429722025756114,0.014562641398850232,0.04314734642572987,0.014562641398850232,0.04314734642572987,68001,68000,0.009928257173369724,0.0025079370374022822,0.0006085911263653546,0.009928257173369724,0.0025079370374022822,0.0006085911263653546
0.11979749518157834,0.013586118734267072,0.040759009615767984,0.013586118734267072,0.040759009615767984,69001,69000,0.010044140378114113,0.0026020812929272367,0.0005846148030326256,0.010044140378114113,0.0026020812929272367,0.0005846148030326256
0.11891335577907093,0.014076716041803614,0.044189572422439406,0.014076716041803614,0.044189572422439406,70001,70000,0.010080662838128564,0.0025503017575829266,0.0005954522809470508,0.010080662838128564,0.0025503017575829266,0.0005954522809470508
0.11585755996375363,0.013937897658586725,0.04163846443936404,0.013937897658586725,0.04163846443936404,71001,71000,0.009223382835975878,0.002440427005961379,0.0005944057708799107,0.009223382835975878,0.002440427005961379,0.0005944057708799107
0.11554695068185367,0.013074456099580875,0.04193552015191417,0.013074456099580875,0.04193552015191417,72001,72000,0.009531162722910541,0.0025284163407311554,0.000595455006478305,0.009531162722910541,0.0025284163407311554,0.000595455006478305
0.1152501363826669,0.01376025197215491,0.039624622920458485,0.01376025197215491,0.039624622920458485,73001,73000,0.010024118670163314,0.0025809449740798233,0.0005501510551655482,0.010024118670163314,0.0025809449740798233,0.0005501510551655482
0.117286666496871,0.014275026258808781,0.0414766952500872,0.014275026258808781,0.0414766952500872,74001,74000,0.009939599339943752,0.002541286477157917,0.0006380568074746404,0.009939599339943752,0.002541286477157917,0.0006380568074746404
0.11270691558575836,0.013497204583312838,0.04206757147311862,0.013497204583312838,0.04206757147311862,75001,75000,0.009310951883437118,0.0024036754663680137,0.0005916480027807939,0.009310951883437118,0.0024036754663680137,0.0005916480027807939
0.11508569629867979,0.013700660806600345,0.044382716091878424,0.013700660806600345,0.044382716091878424,76001,76000,0.009964817057652264,0.002308831472934492,0.000618992808431873,0.009964817057652264,0.002308831472934492,0.000618992808431873
0.11914175775522638,0.015100458468659794,0.04216819258518649,0.015100458468659794,0.04216819258518649,77001,77000,0.009974080893140629,0.0026054379129867166,0.0006443342671414495,0.009974080893140629,0.0026054379129867166,0.0006443342671414495
0.11093673219755755,0.012833634670925695,0.041663454205263434,0.012833634670925695,0.041663454205263434,78001,78000,0.00969648127793333,0.0026011174223111327,0.000590429835972588,0.00969648127793333,0.0026011174223111327,0.000590429835972588
0.11001766078505162,0.01373608401304229,0.04109895575618995,0.01373608401304229,0.04109895575618995,79001,79000,0.009685031829341773,0.002300841362140993,0.0006033290986936779,0.009685031829341773,0.002300841362140993,0.0006033290986936779
0.10819467749759312,0.013318220324377746,0.04182762220701195,0.013318220324377746,0.04182762220701195,80001,80000,0.009825923625612623,0.0023877059634070876,0.0005934132591792704,0.009825923625612623,0.0023877059634070876,0.0005934132591792704
0.1110928002225417,0.014778955335495995,0.04773911893823921,0.014778955335495995,0.04773911893823921,81001,81000,0.009393234166343961,0.00263851972950551,0.0005932542976552218,0.009393234166343961,0.00263851972950551,0.0005932542976552218
0.10709026845175756,0.01268032563004817,0.03977005842786572,0.01268032563004817,0.03977005842786572,82001,82000,0.009641678776236218,0.0024482067617268666,0.0006060606943505432,0.009641678776236218,0.0024482067617268666,0.0006060606943505432
0.10751755807987912,0.01356133024167501,0.0418609452777003,0.01356133024167501,0.0418609452777003,83001,83000,0.010284387185925344,0.002264049250705405,0.0005906090077708615,0.010284387185925344,0.002264049250705405,0.0005906090077708615
0.10693444070385173,0.014265549693227506,0.043265147256450025,0.014265549693227506,0.043265147256450025,84001,84000,0.009180045993317187,0.002500563984636475,0.0005773441611851129,0.009180045993317187,0.002500563984636475,0.0005773441611851129
0.10751487057596114,0.014034001889085632,0.042093026007680265,0.014034001889085632,0.042093026007680265,85001,85000,0.00991703304910259,0.0024349281549976903,0.0005998816233326819,0.00991703304910259,0.0024349281549976903,0.0005998816233326819
0.10728911490382477,0.014374130017953587,0.04357771521790712,0.014374130017953587,0.04357771521790712,86001,86000,0.009808672012761229,0.0025062092243746145,0.0005796768249378409,0.009808672012761229,0.0025062092243746145,0.0005796768249378409
0.1048928988310007,0.01398084512619243,0.0416870759924966,0.01398084512619243,0.0416870759924966,87001,87000,0.009510733757492314,0.0025987175552622454,0.0005312587978551167,0.009510733757492314,0.0025987175552622454,0.0005312587978551167
0.10370641271374001,0.01369661197127425,0.04254923775768933,0.01369661197127425,0.04254923775768933,88001,88000,0.010298214717066934,0.002493825649008544,0.0006137269854488085,0.010298214717066934,0.002493825649008544,0.0006137269854488085
0.10291760876771316,0.013350022285565524,0.03976512722405985,0.013350022285565524,0.03976512722405985,89001,89000,0.010006610200636916,0.002499374871836097,0.000559659027864902,0.010006610200636916,0.002499374871836097,0.000559659027864902
0.10603230498497719,0.015079431430640394,0.04236846717797036,0.015079431430640394,0.04236846717797036,90001,90000,0.01023663450222539,0.0023520838604202824,0.0005844813043033466,0.01023663450222539,0.0023520838604202824,0.0005844813043033466
0.09879273382553562,0.01271990004890538,0.039000387539167014,0.01271990004890538,0.039000387539167014,91001,91000,0.009312032844429947,0.002287114413638277,0.0005455780552479723,0.009312032844429947,0.002287114413638277,0.0005455780552479723
0.09950958680322933,0.012825131473669898,0.041457817096101225,0.012825131473669898,0.041457817096101225,92001,92000,0.010026643873192381,0.0023083479501240455,0.0005701464468074847,0.010026643873192381,0.0023083479501240455,0.0005701464468074847
0.10252354937139566,0.014658293895685367,0.042627119137230364,0.014658293895685367,0.042627119137230364,93001,93000,0.009797474604122603,0.0025768580557358604,0.0005952885623022059,0.009797474604122603,0.0025768580557358604,0.0005952885623022059
0.10500980356560205,0.015417560736153973,0.04377687039808454,0.015417560736153973,0.04377687039808454,94001,94000,0.009876332755376353,0.002383171252486314,0.0006308680627449989,0.009876332755376353,0.002383171252486314,0.0006308680627449989
0.09657327915617026,0.013656736187287598,0.043649221424600794,0.013656736187287598,0.043649221424600794,95001,95000,0.009384543740190581,0.002497233014624076,0.0005302095903106594,0.009384543740190581,0.002497233014624076,0.0005302095903106594
0.09605360039521149,0.012871885458094744,0.03721318065663407,0.012871885458094744,0.03721318065663407,96001,96000,0.00992432234706633,0.00250562160069404,0.0006041822205680789,0.00992432234706633,0.00250562160069404,0.0006041822205680789
0.09621350259172302,0.01337787641536853,0.040788340847939294,0.01337787641536853,0.040788340847939294,97001,97000,0.010033985628866034,0.0025896564406181558,0.0005828086961243358,0.010033985628866034,0.0025896564406181558,0.0005828086961243358
0.09817994065106311,0.01467369627882729,0.04807422131998462,0.01467369627882729,0.04807422131998462,98001,98000,0.009491571101962642,0.002397328076156308,0.0005429529921545847,0.009491571101962642,0.002397328076156308,0.0005429529921545847
0.09613739921179579,0.01392713729587557,0.04339247354824517,0.01392713729587557,0.04339247354824517,99001,99000,0.009874049588998264,0.002664459723307099,0.0005528586342055827,0.009874049588998264,0.002664459723307099,0.0005528586342055827
0.09126861680649376,0.013159464657437623,0.03955876380426893,0.013159464657437623,0.03955876380426893,100001,100000,0.0095954937292043,0.0023974238424775214,0.0005399815724778253,0.0095954937292043,0.0023974238424775214,0.0005399815724778253
0.09726886608199534,0.01359455472254195,0.04282733880853678,0.01359455472254195,0.04282733880853678,101001,101000,0.00971523882557836,0.002469208244785324,0.0005915498481867154,0.00971523882557836,0.002469208244785324,0.0005915498481867154
0.09274126070852366,0.013461545320213196,0.041940106542743064,0.013461545320213196,0.041940106542743064,102001,102000,0.009839407872569601,0.002484498852819978,0.0005540522599573013,0.009839407872569601,0.002484498852819978,0.0005540522599573013
0.08929755995816278,0.01276858486003769,0.04180290278223954,0.01276858486003769,0.04180290278223954,103001,103000,0.009598173342374516,0.002638917289726825,0.000527570790551109,0.009598173342374516,0.002638917289726825,0.000527570790551109
0.09032076284121342,0.013508180763426931,0.03910490063329539,0.013508180763426931,0.03910490063329539,104001,104000,0.009830717976643305,0.0024515687564417056,0.000545431036666474,0.009830717976643305,0.0024515687564417056,0.000545431036666474
0.09064700553212372,0.01350407333165641,0.043307164409671396,0.01350407333165641,0.043307164409671396,105001,105000,0.010018698956137386,0.002408045189554283,0.0005562922871149572,0.010018698956137386,0.002408045189554283,0.0005562922871149572
0.09189446100036286,0.01353544147856883,0.03932998647365917,0.01353544147856883,0.03932998647365917,106001,106000,0.010175571278417748,0.0024752013955059307,0.0005701265043877682,0.010175571278417748,0.0024752013955059307,0.0005701265043877682
0.08856893009979444,0.013949311837786808,0.03798643467700355,0.013949311837786808,0.03798643467700355,107001,107000,0.009807848490774628,0.0023105407929472637,0.0005409378475545254,0.009807848490774628,0.0023105407929472637,0.0005409378475545254
0.0883010025997894,0.01344060519788765,0.040455178623752905,0.01344060519788765,0.040455178623752905,108001,108000,0.009277115824222424,0.00257295409212375,0.0005705365404082837,0.009277115824222424,0.00257295409212375,0.0005705365404082837
0.08854441635264045,0.01304011161638484,0.038204132416194976,0.01304011161638484,0.038204132416194976,109001,109000,0.009692723380665725,0.0023956621028008635,0.0005153839222711533,0.009692723380665725,0.0023956621028008635,0.0005153839222711533
0.08980406371112584,0.014790215808447093,0.04634592470192299,0.014790215808447093,0.04634592470192299,110001,110000,0.00963370979695907,0.0024347779127767326,0.0005716757904931465,0.00963370979695907,0.0024347779127767326,0.0005716757904931465
0.08606943846675659,0.01364676321909064,0.042960509938378695,0.01364676321909064,0.042960509938378695,111001,111000,0.008896159490306433,0.0024120038285348447,0.0005482889241931262,0.008896159490306433,0.0024120038285348447,0.0005482889241931262
0.0849913334097332,0.01296758920248249,0.04075744652674219,0.01296758920248249,0.04075744652674219,112001,112000,0.009713532868772743,0.002386194764497134,0.0005283872704548799,0.009713532868772743,0.002386194764497134,0.0005283872704548799
0.08420517032116348,0.0124040122511942,0.0394539439504773,0.0124040122511942,0.0394539439504773,113001,113000,0.009490273925265708,0.002360027249966585,0.000562186901259017,0.009490273925265708,0.002360027249966585,0.000562186901259017
0.08394896321474166,0.01342659567264489,0.041424039508995966,0.01342659567264489,0.041424039508995966,114001,114000,0.009860008978195684,0.0022733073779558507,0.000570999098366964,0.009860008978195684,0.0022733073779558507,0.000570999098366964
0.08497617152457304,0.013847958830017907,0.04081980610499157,0.013847958830017907,0.04081980610499157,115001,115000,0.009656834496730353,0.0023108962172324553,0.0005306623859789661,0.009656834496730353,0.0023108962172324553,0.0005306623859789661
0.08116648233512717,0.012689991636369108,0.03842869037647308,0.012689991636369108,0.03842869037647308,116001,116000,0.009677718389638414,0.0024408632556774815,0.00048743867890339165,0.009677718389638414,0.0024408632556774815,0.00048743867890339165
0.07986311417675845,0.012504414153532728,0.04167489024913973,0.012504414153532728,0.04167489024913973,117001,117000,0.009356274961910745,0.002464127710601486,0.0005218840482908855,0.009356274961910745,0.002464127710601486,0.0005218840482908855
0.08441835835491152,0.012808709527642348,0.04250756972449054,0.012808709527642348,0.04250756972449054,118001,118000,0.00980942084851418,0.002413819807466488,0.0005532329469268146,0.00980942084851418,0.002413819807466488,0.0005532329469268146
0.0802180451629955,0.013322355645665095,0.04038779103230557,0.013322355645665095,0.04038779103230557,119001,119000,0.009416685202816598,0.002413670943541528,0.0005227239349205624,0.009416685202816598,0.002413670943541528,0.0005227239349205624
0.07945504332804383,0.012812193192687114,0.04003654177405787,0.012812193192687114,0.04003654177405787,120001,120000,0.009350298436222664,0.0021899312646957844,0.0005152683604468923,0.009350298436222664,0.0021899312646957844,0.0005152683604468923
0.08201254441783033,0.013196686475042952,0.0432408515943421,0.013196686475042952,0.0432408515943421,121001,121000,0.009875025483359333,0.0024566395203927853,0.0005299976626274124,0.009875025483359333,0.0024566395203927853,0.0005299976626274124
0.07874496217197692,0.013527893268197658,0.04228233803893215,0.013527893268197658,0.04228233803893215,122001,122000,0.009528294522055667,0.002381059599610338,0.0005075688392688763,0.009528294522055667,0.002381059599610338,0.0005075688392688763
0.07993905949766182,0.012631534928921623,0.039307791476336396,0.012631534928921623,0.039307791476336396,123001,123000,0.009377298388358662,0.0023507599571792577,0.0005752121698359886,0.009377298388358662,0.0023507599571792577,0.0005752121698359886
0.08547295427685656,0.015000640967948122,0.04400496397208685,0.015000640967948122,0.04400496397208685,124001,124000,0.009907572436679763,0.002487274147922629,0.0005435162713153859,0.009907572436679763,0.002487274147922629,0.0005435162713153859
0.07676930335576991,0.013703722586142244,0.042142244523413724,0.013703722586142244,0.042142244523413724,125001,125000,0.010054626708026536,0.0024502643535866254,0.0005291102935192784,0.010054626708026536,0.0024502643535866254,0.0005291102935192784
0.07988268485085914,0.014290669011272251,0.043087861994563666,0.014290669011272251,0.043087861994563666,126001,126000,0.009691603319207636,0.00252841938987397,0.0005221644889306943,0.009691603319207636,0.00252841938987397,0.0005221644889306943
0.07467162757928877,0.012731911734634211,0.03965567760403312,0.012731911734634211,0.03965567760403312,127001,127000,0.009529163511331491,0.0024613638187498993,0.000505983382273077,0.009529163511331491,0.0024613638187498993,0.000505983382273077
0.07569233959222307,0.012954123294446626,0.0409587705253521,0.012954123294446626,0.0409587705253521,128001,128000,0.009746990750040069,0.00233452573957038,0.0005308419213419388,0.009746990750040069,0.00233452573957038,0.0005308419213419388
0.0723885934854567,0.012564965770026916,0.03741607696209695,0.012564965770026916,0.03741607696209695,129001,129000,0.009892337062696276,0.0024522412682215318,0.0004812322748850725,0.009892337062696276,0.0024522412682215318,0.0004812322748850725
0.07299883116670014,0.012849816363195725,0.04180136058970539,0.012849816363195725,0.04180136058970539,130001,130000,0.00901964619022576,0.0023907169852463994,0.00047278066418517415,0.00901964619022576,0.0023907169852463994,0.00047278066418517415
0.07506943375378679,0.014283247694700563,0.04458097357355692,0.014283247694700563,0.04458097357355692,131001,131000,0.009925876856492495,0.0022845904951040853,0.000491371219380342,0.009925876856492495,0.0022845904951040853,0.000491371219380342
0.0725987687447407,0.012771212020641546,0.04110710419633467,0.012771212020641546,0.04110710419633467,132001,132000,0.009995445628946492,0.0023890940256799417,0.0004778221440588589,0.009995445628946492,0.0023890940256799417,0.0004778221440588589
0.07397394083155953,0.01375133153729983,0.044677706238841194,0.01375133153729983,0.044677706238841194,133001,133000,0.009618285260290418,0.002366345866903428,0.0005128762524150226,0.009618285260290418,0.002366345866903428,0.0005128762524150226
0.07381073417891892,0.012674727819081464,0.038242626237702075,0.012674727819081464,0.038242626237702075,134001,134000,0.009792181852666716,0.0023955383578487207,0.0005261037392301669,0.009792181852666716,0.0023955383578487207,0.0005261037392301669
0.0758802187371225,0.014547191291814672,0.04446737643593223,0.014547191291814672,0.04446737643593223,135001,135000,0.009881335385067427,0.0023993535772879513,0.0005204472815551391,0.009881335385067427,0.0023993535772879513,0.0005204472815551391
0.07332123615888009,0.012779394248238558,0.03800425869216462,0.012779394248238558,0.03800425869216462,136001,136000,0.008869482403613418,0.0023095517439064637,0.0004966333921694046,0.008869482403613418,0.0023095517439064637,0.0004966333921694046
0.0703658890344284,0.013156381291410104,0.04074421676341443,0.013156381291410104,0.04074421676341443,137001,137000,0.009850005479529498,0.002241817620932125,0.000486106159401443,0.009850005479529498,0.002241817620932125,0.000486106159401443
0.07286112630941041,0.013858652003880688,0.042098996959626676,0.013858652003880688,0.042098996959626676,138001,138000,0.009922698134970345,0.0022776065551126426,0.000458200418506749,0.009922698134970345,0.0022776065551126426,0.000458200418506749
0.07108890593229285,0.014436134900330206,0.04476160048561507,0.014436134900330206,0.04476160048561507,139001,139000,0.0094197243762513,0.002331955220895532,0.00048212588184154106,0.0094197243762513,0.002331955220895532,0.00048212588184154106
0.07144162139633928,0.014229234926853667,0.045305011637478354,0.014229234926853667,0.045305011637478354,140001,140000,0.009251276958131372,0.002204055236197536,0.000490974198779054,0.009251276958131372,0.002204055236197536,0.000490974198779054
0.06838003365840062,0.013496133507054775,0.041110775426147515,0.013496133507054775,0.041110775426147515,141001,141000,0.009480445245280841,0.002213910575120074,0.0004661704579619731,0.009480445245280841,0.002213910575120074,0.0004661704579619731
0.07073848074867496,0.013092871636923506,0.042237128330092195,0.013092871636923506,0.042237128330092195,142001,142000,0.009417671625092923,0.002530302476486231,0.000510537454225444,0.009417671625092923,0.002530302476486231,0.000510537454225444
0.06708555278915179,0.01235734589289494,0.04175073399120787,0.01235734589289494,0.04175073399120787,143001,143000,0.009540434724961711,0.0022461242183887432,0.0004786406498455983,0.009540434724961711,0.0022461242183887432,0.0004786406498455983
0.06781841101580507,0.013783448561815008,0.04332994114248509,0.013783448561815008,0.04332994114248509,144001,144000,0.009265530583306902,0.002436752680523569,0.0004720658705500969,0.009265530583306902,0.002436752680523569,0.0004720658705500969
0.07343888482834734,0.013532716399648061,0.044666223402094626,0.013532716399648061,0.044666223402094626,145001,145000,0.009742583778246038,0.0024083969845587884,0.0004591984906341477,0.009742583778246038,0.0024083969845587884,0.0004591984906341477
0.0676478207166777,0.012986603233992335,0.03920047932115269,0.012986603233992335,0.03920047932115269,146001,146000,0.009458931726700771,0.002333705152261831,0.00048118760992844217,0.009458931726700771,0.002333705152261831,0.00048118760992844217
0.07174452369474195,0.013815220287695416,0.042806650437414634,0.013815220287695416,0.042806650437414634,147001,147000,0.00987342074437098,0.0023444637434265584,0.0004911728301242253,0.00987342074437098,0.0023444637434265584,0.0004911728301242253
0.06473498024247652,0.011899476586426351,0.0375617067069775,0.011899476586426351,0.0375617067069775,148001,148000,0.009480840704043416,0.0021890593073976596,0.0004508012690057515,0.009480840704043416,0.0021890593073976596,0.0004508012690057515
0.07230590974262657,0.01348798800670193,0.04086171231550157,0.01348798800670193,0.04086171231550157,149001,149000,0.009508229138483421,0.0023327958738951957,0.0004723978333640844,0.009508229138483421,0.0023327958738951957,0.0004723978333640844
0.0703020812541413,0.01353417822584744,0.04300052530809559,0.01353417822584744,0.04300052530809559,150001,150000,0.009543497585654556,0.002375559934935801,0.00048250215875330883,0.009543497585654556,0.002375559934935801,0.00048250215875330883
0.06487522215191167,0.01277833975276734,0.03977846083402335,0.01277833975276734,0.03977846083402335,151001,151000,0.009780632001207943,0.0023821363488712778,0.00046156543922181424,0.009780632001207943,0.0023821363488712778,0.00046156543922181424
0.072666311649871,0.01412653423386654,0.04333536048221775,0.01412653423386654,0.04333536048221775,152001,152000,0.009857645832687171,0.002494325817131073,0.0005194660738815629,0.009857645832687171,0.002494325817131073,0.0005194660738815629
0.06749629494023605,0.014389500151854044,0.041036825866667896,0.014389500151854044,0.041036825866667896,153001,153000,0.009722465556687456,0.002390269191035126,0.00047314904450180634,0.009722465556687456,0.002390269191035126,0.00047314904450180634
0.06434078918136134,0.013628945619675521,0.042798552101826294,0.013628945619675521,0.042798552101826294,154001,154000,0.009829720141939238,0.002297277544857935,0.0004878702372265901,0.009829720141939238,0.002297277544857935,0.0004878702372265901
0.06553310703157358,0.013477889407586182,0.039788783950915986,0.013477889407586182,0.039788783950915986,155001,155000,0.009472892551568786,0.002285384100230595,0.0004995141725130416,0.009472892551568786,0.002285384100230595,0.0004995141725130416
0.06907120903812998,0.014308012760753618,0.04257606583143262,0.014308012760753618,0.04257606583143262,156001,156000,0.009702118498440755,0.0021896931431256215,0.000475712827280905,0.009702118498440755,0.0021896931431256215,0.000475712827280905
0.06865477230319919,0.013323009567102423,0.04188972639893427,0.013323009567102423,0.04188972639893427,157001,157000,0.009725389859133118,0.002160193465846737,0.0005212240794207907,0.009725389859133118,0.002160193465846737,0.0005212240794207907
0.06972518291012378,0.013607108794189143,0.042388420766935844,0.013607108794189143,0.042388420766935844,158001,158000,0.009737583259854805,0.002441515480393348,0.0005102355357275653,0.009737583259854805,0.002441515480393348,0.0005102355357275653
0.06521973470505417,0.013492286311069638,0.04249451949487256,0.013492286311069638,0.04249451949487256,159001,159000,0.009897079931020167,0.002499824024312144,0.00046966162927822357,0.009897079931020167,0.002499824024312144,0.00046966162927822357
0.0728344431482285,0.012891666843075647,0.03862219340819867,0.012891666843075647,0.03862219340819867,160001,160000,0.0097151902220194,0.0024610846135543086,0.0005070513266255144,0.0097151902220194,0.0024610846135543086,0.0005070513266255144
0.06509610095684659,0.013206836756144202,0.0417661290300225,0.013206836756144202,0.0417661290300225,161001,161000,0.009803314662484583,0.0023877367989625815,0.0004890871534467138,0.009803314662484583,0.0023877367989625815,0.0004890871534467138
0.06718607889672451,0.013148963320330963,0.04506495011022375,0.013148963320330963,0.04506495011022375,162001,162000,0.009580564331109358,0.0024902412130569022,0.0004855278626465317,0.009580564331109358,0.0024902412130569022,0.0004855278626465317
0.06388319458469538,0.01295742094451271,0.03941745349005155,0.01295742094451271,0.03941745349005155,163001,163000,0.00916274279436157,0.0021625520332611337,0.0004692015990869671,0.00916274279436157,0.0021625520332611337,0.0004692015990869671
0.06342526594565268,0.012724746671650794,0.03892598343139258,0.012724746671650794,0.03892598343139258,164001,164000,0.009742510718817581,0.0022215154513582414,0.0004859372390339782,0.009742510718817581,0.0022215154513582414,0.0004859372390339782
0.06192701788961378,0.012900566721546037,0.037552842506997794,0.012900566721546037,0.037552842506997794,165001,165000,0.009501859427399445,0.002192088609018997,0.00045043066696604515,0.009501859427399445,0.002192088609018997,0.00045043066696604515
0.06225467080825412,0.012442422396045,0.03727461149664741,0.012442422396045,0.03727461149664741,166001,166000,0.009439693850017791,0.002319832594620926,0.00045394866723448655,0.009439693850017791,0.002319832594620926,0.00045394866723448655
0.1045949953896209,0.014036368794055317,0.04346078459686236,0.014036368794055317,0.04346078459686236,167001,167000,0.009209988486912585,0.002520099780474774,0.000612817801836705,0.009209988486912585,0.002520099780474774,0.000612817801836705
0.0716139003664016,0.013679180984632708,0.04219254469689056,0.013679180984632708,0.04219254469689056,168001,168000,0.010146781548857689,0.002682405684552863,0.0005366919188531936,0.010146781548857689,0.002682405684552863,0.0005366919188531936
0.06402817167593543,0.013910804907391138,0.04281244115102517,0.013910804907391138,0.04281244115102517,169001,169000,0.00936502683996614,0.002537928884809156,0.00046391220303301084,0.00936502683996614,0.002537928884809156,0.00046391220303301084
0.06598424332466644,0.012447416993876678,0.03916527507512317,0.012447416993876678,0.03916527507512317,170001,170000,0.010271371304910267,0.0023168342383790073,0.0004552960415141486,0.010271371304910267,0.0023168342383790073,0.0004552960415141486
0.061980496715243805,0.012808449239753841,0.04085782952762544,0.012808449239753841,0.04085782952762544,171001,171000,0.009141688310592156,0.002319319662774429,0.00043939735529917193,0.009141688310592156,0.002319319662774429,0.00043939735529917193
0.07301155735981973,0.015197523808979888,0.045824362230378904,0.015197523808979888,0.045824362230378904,172001,172000,0.010221157337596648,0.002517706705266838,0.0005144138514879159,0.010221157337596648,0.002517706705266838,0.0005144138514879159
0.061281857355510116,0.014332422108578607,0.04276141234213244,0.014332422108578607,0.04276141234213244,173001,173000,0.009571504190862752,0.0023700501336373424,0.0004734870260396813,0.009571504190862752,0.0023700501336373424,0.0004734870260396813
0.058264787698929656,0.01232458025051163,0.03907405325582536,0.01232458025051163,0.03907405325582536,174001,174000,0.009440403911011192,0.0023134272624803216,0.00043897671083256555,0.009440403911011192,0.0023134272624803216,0.00043897671083256555
0.06686529692572683,0.013373397436313123,0.03877037577673461,0.013373397436313123,0.03877037577673461,175001,175000,0.009444820078188304,0.002267854423060332,0.00048005205681253007,0.009444820078188304,0.002267854423060332,0.00048005205681253007
0.07239923590703722,0.012491094519762524,0.037376844959164136,0.012491094519762524,0.037376844959164136,176001,176000,0.010106222328486961,0.002363601295264969,0.0005030185312286697,0.010106222328486961,0.002363601295264969,0.0005030185312286697
0.06473301521385494,0.013446228778935582,0.042821771794517044,0.013446228778935582,0.042821771794517044,177001,177000,0.009907134109187745,0.0023009717682203985,0.0004971847338452458,0.009907134109187745,0.0023009717682203985,0.0004971847338452458
0.1563480709886425,0.013894883526823826,0.04110251372403856,0.013894883526823826,0.04110251372403856,178001,178000,0.00893006388115573,0.0024158078076104723,0.0005243019946206647,0.00893006388115573,0.0024158078076104723,0.0005243019946206647
0.060650676130152126,0.012569136927340841,0.03851391035958282,0.012569136927340841,0.03851391035958282,179001,179000,0.0094019905482724,0.0023742550707708484,0.00045186418803887387,0.0094019905482724,0.0023742550707708484,0.00045186418803887387
0.06181495002169381,0.013494952518871268,0.04205475638182939,0.013494952518871268,0.04205475638182939,180001,180000,0.009551335411260332,0.002255656183544226,0.0004591031449700837,0.009551335411260332,0.002255656183544226,0.0004591031449700837
0.06108562067333407,0.013972394729891657,0.04330486880615353,0.013972394729891657,0.04330486880615353,181001,181000,0.00964635696493146,0.0023049990629803326,0.0004646820452762772,0.00964635696493146,0.0023049990629803326,0.0004646820452762772
0.06734916345477693,0.012727665696031183,0.03853086448274554,0.012727665696031183,0.03853086448274554,182001,182000,0.00924719840089383,0.002503796267244365,0.0004915396215580017,0.00924719840089383,0.002503796267244365,0.0004915396215580017
0.0659959219939516,0.012877917198798978,0.03878232920429248,0.012877917198798978,0.03878232920429248,183001,183000,0.009989890594328378,0.0022851243457725164,0.00048366067888384954,0.009989890594328378,0.0022851243457725164,0.00048366067888384954
0.06747701128650804,0.013634881041347418,0.04303634149327687,0.013634881041347418,0.04303634149327687,184001,184000,0.009586870668534461,0.002348023209823669,0.000524960435216469,0.009586870668534461,0.002348023209823669,0.000524960435216469
0.05861203904248359,0.011391435952762556,0.03785488284616312,0.011391435952762556,0.03785488284616312,185001,185000,0.009489110653521498,0.0024203082922295742,0.0004543033562203042,0.009489110653521498,0.0024203082922295742,0.0004543033562203042
0.07376054856226598,0.015915519728972843,0.04621752949458534,0.015915519728972843,0.04621752949458534,186001,186000,0.009775563019416173,0.0023881357366058054,0.0005139998930745705,0.009775563019416173,0.0023881357366058054,0.0005139998930745705
0.058918009357999526,0.013322883049164342,0.040197808540005514,0.013322883049164342,0.040197808540005514,187001,187000,0.009520547300796775,0.0023530057961572634,0.0004598311473091598,0.009520547300796775,0.0023530057961572634,0.0004598311473091598
0.05844331745020997,0.013549148825259177,0.042795136538619334,0.013549148825259177,0.042795136538619334,188001,188000,0.009685334324890153,0.0022182165155111913,0.000453360019992961,0.009685334324890153,0.0022182165155111913,0.000453360019992961
0.05569149827636477,0.01316084256253817,0.041376246673711745,0.01316084256253817,0.041376246673711745,189001,189000,0.009112040270201963,0.002225540607144578,0.0004280675208647441,0.009112040270201963,0.002225540607144578,0.0004280675208647441
0.0550625790544185,0.012533724772649286,0.03810816654669386,0.012533724772649286,0.03810816654669386,190001,190000,0.009871079903095964,0.002463399891398955,0.00047667034614348443,0.009871079903095964,0.002463399891398955,0.00047667034614348443
0.05793717000511678,0.013811285409610703,0.03974456663803646,0.013811285409610703,0.03974456663803646,191001,191000,0.009415840530370478,0.0024584866098030446,0.0004665043928881503,0.009415840530370478,0.0024584866098030446,0.0004665043928881503
0.06116619657806197,0.013400639010971629,0.043883621390075865,0.013400639010971629,0.043883621390075865,192001,192000,0.009420013397410061,0.0022237494551578586,0.0004612089773544511,0.009420013397410061,0.0022237494551578586,0.0004612089773544511
0.061404353680471674,0.013900767096929457,0.03961701997724823,0.013900767096929457,0.03961701997724823,193001,193000,0.00924446075818285,0.002202632260420837,0.00046396343306023927,0.00924446075818285,0.002202632260420837,0.00046396343306023927
0.06334175660638587,0.014163577311352116,0.04021484446678337,0.014163577311352116,0.04021484446678337,194001,194000,0.009844805451725558,0.002404152710888798,0.0004694124866245437,0.009844805451725558,0.002404152710888798,0.0004694124866245437
0.06843074898182767,0.014154964949120772,0.04167917586933333,0.014154964949120772,0.04167917586933333,195001,195000,0.009495979036897605,0.0024288007071019617,0.000504023930809414,0.009495979036897605,0.0024288007071019617,0.000504023930809414
0.06348638993142702,0.014022287922547573,0.045134483670142105,0.014022287922547573,0.045134483670142105,196001,196000,0.01029709590918971,0.0025136578466922617,0.0005168087976759852,0.01029709590918971,0.0025136578466922617,0.0005168087976759852
0.05734178265604985,0.013203410416055697,0.039754100963760995,0.013203410416055697,0.039754100963760995,197001,197000,0.009366973777131578,0.002274057898031366,0.00040673466867203437,0.009366973777131578,0.002274057898031366,0.00040673466867203437
0.06204406503862407,0.013860933484087585,0.039437231177633425,0.013860933484087585,0.039437231177633425,198001,198000,0.009795946275141638,0.0023853786045448027,0.00044840847413263676,0.009795946275141638,0.0023853786045448027,0.00044840847413263676
0.05637776213878021,0.01330758904146205,0.038087391273452384,0.01330758904146205,0.038087391273452384,199001,199000,0.009642163954113658,0.0021854467704219534,0.00042032031568614456,0.009642163954113658,0.0021854467704219534,0.00042032031568614456
0.082813297638838,0.014430820564972243,0.04120566341219075,0.014430820564972243,0.04120566341219075,200001,200000,0.009637782647474566,0.0023088592087151492,0.00046447444557478376,0.009637782647474566,0.0023088592087151492,0.00046447444557478376
0.06635515943818017,0.011940540617950296,0.03697370095944503,0.011940540617950296,0.03697370095944503,201001,201000,0.009985159929122097,0.0024663976872437714,0.0005228599572928363,0.009985159929122097,0.0024663976872437714,0.0005228599572928363
0.05675516314486336,0.013717044741948516,0.042542222662729466,0.013717044741948516,0.042542222662729466,202001,202000,0.009561681605962317,0.002406910923673422,0.0004415015778199312,0.009561681605962317,0.002406910923673422,0.0004415015778199312
0.05915842260635193,0.013409723320146416,0.04130417118925026,0.013409723320146416,0.04130417118925026,203001,203000,0.009573365966054164,0.002382488718300937,0.00044146108325293534,0.009573365966054164,0.002382488718300937,0.00044146108325293534
0.06137594168968315,0.013850443289949887,0.04167436388895716,0.013850443289949887,0.04167436388895716,204001,204000,0.009050551141286634,0.002594961936238737,0.00044852040240760783,0.009050551141286634,0.002594961936238737,0.00044852040240760783
0.05870630970676075,0.013845094783202536,0.04350665138858092,0.013845094783202536,0.04350665138858092,205001,205000,0.00966917512119096,0.0022685720220504005,0.00043350113633399236,0.00966917512119096,0.0022685720220504005,0.00043350113633399236
0.05401395563202241,0.0118340870648826,0.036726102370691176,0.0118340870648826,0.036726102370691176,206001,206000,0.009450592140990083,0.0022036713275170277,0.000416303443179002,0.009450592140990083,0.0022036713275170277,0.000416303443179002
0.05316069921327498,0.012736684116673159,0.0384134752935622,0.012736684116673159,0.0384134752935622,207001,207000,0.009733034211451235,0.002241932435964162,0.00040749751119676346,0.009733034211451235,0.002241932435964162,0.00040749751119676346
0.061727126348384245,0.013210084513171743,0.04059792541345932,0.013210084513171743,0.04059792541345932,208001,208000,0.009314545885364643,0.0024490246706165906,0.00046286870731561104,0.009314545885364643,0.0024490246706165906,0.00046286870731561104
0.06507706715621854,0.013394527019991094,0.04079490892787569,0.013394527019991094,0.04079490892787569,209001,209000,0.009954876549865878,0.002412066957963736,0.000545525488099569,0.009954876549865878,0.002412066957963736,0.000545525488099569
0.08152064051100895,0.0153828515955392,0.04249646926958427,0.0153828515955392,0.04249646926958427,210001,210000,0.00975867793230073,0.0024492684753003547,0.000510751406532986,0.00975867793230073,0.0024492684753003547,0.000510751406532986
0.0562801884921599,0.013359969229597477,0.04098672309498254,0.013359969229597477,0.04098672309498254,211001,211000,0.00995717017485731,0.0023091166202052135,0.00046004874924670934,0.00995717017485731,0.0023091166202052135,0.00046004874924670934
0.05600978536248492,0.013235612497999674,0.040251941057956875,0.013235612497999674,0.040251941057956875,212001,212000,0.009769375278284002,0.0022978123125227024,0.0004244221801741328,0.009769375278284002,0.0022978123125227024,0.0004244221801741328
0.059127843716428465,0.013260685458852095,0.042014570135623194,0.013260685458852095,0.042014570135623194,213001,213000,0.009274728487955098,0.002399417268694813,0.000489243932276511,0.009274728487955098,0.002399417268694813,0.000489243932276511
0.056225836094918547,0.013549214559883744,0.04100913137690333,0.013549214559883744,0.04100913137690333,214001,214000,0.009399455849372568,0.0024151158871745797,0.00044069818649717713,0.009399455849372568,0.0024151158871745797,0.00044069818649717713
0.05779199477952593,0.01325622797271352,0.041104078951587034,0.01325622797271352,0.041104078951587034,215001,215000,0.009886129266031237,0.0024266761155881645,0.00046247970796782576,0.009886129266031237,0.0024266761155881645,0.00046247970796782576
0.06630804660533944,0.013360896057114623,0.03790085266033811,0.013360896057114623,0.03790085266033811,216001,216000,0.009821577885431117,0.0023779267643026757,0.0004893018321553442,0.009821577885431117,0.0023779267643026757,0.0004893018321553442
0.05603878500135516,0.014290217036897949,0.041845876213999926,0.014290217036897949,0.041845876213999926,217001,217000,0.008933765731822956,0.002272310452035367,0.0004396142540757024,0.008933765731822956,0.002272310452035367,0.0004396142540757024
0.055207656837922114,0.014273751458262271,0.04309981429519562,0.014273751458262271,0.04309981429519562,218001,218000,0.009436733170649868,0.002301063395498207,0.00044562272684130704,0.009436733170649868,0.002301063395498207,0.00044562272684130704
0.05736316528477457,0.013447789561294462,0.0395246213051276,0.013447789561294462,0.0395246213051276,219001,219000,0.009884084716642039,0.002463277554676508,0.0004477138470259086,0.009884084716642039,0.002463277554676508,0.0004477138470259086
0.05456018728499746,0.01163195581887704,0.03501184383876682,0.01163195581887704,0.03501184383876682,220001,220000,0.009510666323495256,0.0022699020830761097,0.00041372920200029556,0.009510666323495256,0.0022699020830761097,0.00041372920200029556
0.06276053194141577,0.013969806353576133,0.04281833007559177,0.013969806353576133,0.04281833007559177,221001,221000,0.00997359961486206,0.0022571523348291996,0.000464108081720673,0.00997359961486206,0.0022571523348291996,0.000464108081720673
0.0582444534996775,0.013798387906470451,0.039955627067980407,0.013798387906470451,0.039955627067980407,222001,222000,0.009716013180784494,0.002339118510428677,0.0004983303914702017,0.009716013180784494,0.002339118510428677,0.0004983303914702017
0.05404863588447457,0.01287859864419443,0.03859204599289147,0.01287859864419443,0.03859204599289147,223001,223000,0.009573513356759298,0.0023010713875919494,0.000428796103499498,0.009573513356759298,0.0023010713875919494,0.000428796103499498
0.05402464241925093,0.0144507061985787,0.04451297813651003,0.0144507061985787,0.04451297813651003,224001,224000,0.009627040983601051,0.0024858681446768196,0.0004307274421670946,0.009627040983601051,0.0024858681446768196,0.0004307274421670946
0.06284606881109314,0.013164564254766455,0.040747397798724216,0.013164564254766455,0.040747397798724216,225001,225000,0.00896444331738166,0.002521484995791612,0.00048785251668353715,0.00896444331738166,0.002521484995791612,0.00048785251668353715
0.06890827735005352,0.013581176935113038,0.0441637476464605,0.013581176935113038,0.0441637476464605,226001,226000,0.010000514288205574,0.0025826140630339396,0.00045298695715609923,0.010000514288205574,0.0025826140630339396,0.00045298695715609923
0.07641252795350355,0.015215478765923789,0.04478798725350362,0.015215478765923789,0.04478798725350362,227001,227000,0.010141146451835899,0.0024000861103403667,0.0004261144645924979,0.010141146451835899,0.0024000861103403667,0.0004261144645924979
0.056897864661563345,0.01314595418501994,0.03868307745924181,0.01314595418501994,0.03868307745924181,228001,228000,0.009951214155245742,0.0022519196394875807,0.00040483149006894503,0.009951214155245742,0.0022519196394875807,0.00040483149006894503
0.06161550722037393,0.014566292178889837,0.04521011395627286,0.014566292178889837,0.04521011395627286,229001,229000,0.009844037054642221,0.0023652946901811037,0.0004770605630323258,0.009844037054642221,0.0023652946901811037,0.0004770605630323258
0.07746574868199152,0.015843885869791834,0.04682901132537983,0.015843885869791834,0.04682901132537983,230001,230000,0.009468377888781495,0.0023433765158854406,0.0004873924228275802,0.009468377888781495,0.0023433765158854406,0.0004873924228275802
0.06034610375225244,0.013474642330373167,0.03991405416692375,0.013474642330373167,0.03991405416692375,231001,231000,0.009742334607543172,0.002465618109632097,0.00045671169280137416,0.009742334607543172,0.002465618109632097,0.00045671169280137416
0.0611378860623191,0.01376768098030882,0.04170305669073043,0.01376768098030882,0.04170305669073043,232001,232000,0.009742926251343036,0.002299040153415665,0.00044198767209309084,0.009742926251343036,0.002299040153415665,0.00044198767209309084
0.06071289405154735,0.013819906265780448,0.042593358008754134,0.013819906265780448,0.042593358008754134,233001,233000,0.009038354394745016,0.00246067578760781,0.000465868298452997,0.009038354394745016,0.00246067578760781,0.000465868298452997
0.06240284777900126,0.013739046607370273,0.043331189012085915,0.013739046607370273,0.043331189012085915,234001,234000,0.009806682611064571,0.0025026217529860624,0.000451695792735862,0.009806682611064571,0.0025026217529860624,0.000451695792735862
0.060905788786313,0.013263241208711397,0.04136910518258811,0.013263241208711397,0.04136910518258811,235001,235000,0.009766655165256698,0.002134753099886189,0.00044701129025256214,0.009766655165256698,0.002134753099886189,0.00044701129025256214
0.05933836020088876,0.013339921609738663,0.04219515834131879,0.013339921609738663,0.04219515834131879,236001,236000,0.009424245102369827,0.002239190027948031,0.0004207184062757349,0.009424245102369827,0.002239190027948031,0.0004207184062757349
0.06701350673221128,0.012609648196026684,0.03684688934121328,0.012609648196026684,0.03684688934121328,237001,237000,0.010076419427955096,0.00247567659163839,0.00047516224704177354,0.010076419427955096,0.00247567659163839,0.00047516224704177354
0.06297532633308729,0.013828626437825717,0.04367449499924131,0.013828626437825717,0.04367449499924131,238001,238000,0.009533252575536545,0.002525095399754236,0.00042495766761472815,0.009533252575536545,0.002525095399754236,0.00042495766761472815
0.05725352258608156,0.013211713366137691,0.0432459595123012,0.013211713366137691,0.0432459595123012,239001,239000,0.010188054430036014,0.0023702876857214497,0.000412976079412504,0.010188054430036014,0.0023702876857214497,0.000412976079412504
0.052150312514914726,0.012122713427728738,0.03847159359187998,0.012122713427728738,0.03847159359187998,240001,240000,0.00926363989674427,0.0023914454176255906,0.0004494967681964167,0.00926363989674427,0.0023914454176255906,0.0004494967681964167
0.06488361150524864,0.013918846638640398,0.0420304547052963,0.013918846638640398,0.0420304547052963,241001,241000,0.00981031428273128,0.002585883076535534,0.000527926857623801,0.00981031428273128,0.002585883076535534,0.000527926857623801
0.05576171151090531,0.01333998052871175,0.04337415413769044,0.01333998052871175,0.04337415413769044,242001,242000,0.009870476726174466,0.0024808977799666066,0.0004431311597608196,0.009870476726174466,0.0024808977799666066,0.0004431311597608196
0.05425647426460163,0.014297960780793793,0.04467830069954076,0.014297960780793793,0.04467830069954076,243001,243000,0.009865662317708244,0.002275170450208381,0.0004374940071415277,0.009865662317708244,0.002275170450208381,0.0004374940071415277
0.05563059949270458,0.013286762395051471,0.0404147882403499,0.013286762395051471,0.0404147882403499,244001,244000,0.00985434790799284,0.002376098417577067,0.0004425306140562068,0.00985434790799284,0.002376098417577067,0.0004425306140562068
0.05428902140092163,0.014109303101606189,0.04523639553398996,0.014109303101606189,0.04523639553398996,245001,245000,0.009421473221664213,0.0024871965117199578,0.0004139259742828039,0.009421473221664213,0.0024871965117199578,0.0004139259742828039
0.06366525617940205,0.013772336731337398,0.04248300255706389,0.013772336731337398,0.04248300255706389,246001,246000,0.010006487246994931,0.002480774892883718,0.0004427679376998055,0.010006487246994931,0.002480774892883718,0.0004427679376998055
0.06337768510968216,0.013431148045303395,0.043188291998729436,0.013431148045303395,0.043188291998729436,247001,247000,0.009410765558071164,0.002277840813039803,0.00042439783176131593,0.009410765558071164,0.002277840813039803,0.00042439783176131593
0.05769829278932458,0.014228624072347883,0.04438389119770061,0.014228624072347883,0.04438389119770061,248001,248000,0.009750165898494673,0.002502024647368201,0.0004376948240568927,0.009750165898494673,0.002502024647368201,0.0004376948240568927
0.05183399621459629,0.012834347758092907,0.03930143398853636,0.012834347758092907,0.03930143398853636,249001,249000,0.010060055758769972,0.0023236582090217887,0.00042719139988382,0.010060055758769972,0.0023236582090217887,0.00042719139988382
0.05386988393352229,0.012976788421357925,0.04142273987150368,0.012976788421357925,0.04142273987150368,250001,250000,0.009455423589171254,0.0024490211507104402,0.00041901641002494556,0.009455423589171254,0.0024490211507104402,0.00041901641002494556
0.06450195262574765,0.014295806337424426,0.04305114572104136,0.014295806337424426,0.04305114572104136,251001,251000,0.00972252048370315,0.0023770853744663908,0.00043790912688844105,0.00972252048370315,0.0023770853744663908,0.00043790912688844105
0.05873790162188926,0.013844007209409016,0.04357872159438737,0.013844007209409016,0.04357872159438737,252001,252000,0.009811201121497637,0.00218598336605393,0.00039032621859139745,0.009811201121497637,0.00218598336605393,0.00039032621859139745
0.05994921483504727,0.012572577475861184,0.042317732465837914,0.012572577475861184,0.042317732465837914,253001,253000,0.010058231589165635,0.002222786044512757,0.0004691046998988949,0.010058231589165635,0.002222786044512757,0.0004691046998988949
0.0785561629518345,0.011994975287234406,0.03775819224321933,0.011994975287234406,0.03775819224321933,254001,254000,0.009677420221202136,0.002514703534294687,0.000480549969177088,0.009677420221202136,0.002514703534294687,0.000480549969177088
0.053496167177804296,0.014865062632743507,0.04428545593438693,0.014865062632743507,0.04428545593438693,255001,255000,0.009998615443085626,0.0022526143657454565,0.0004937184680352298,0.009998615443085626,0.0022526143657454565,0.0004937184680352298
0.0510651594848547,0.013648923539687543,0.03893876304876878,0.013648923539687543,0.03893876304876878,256001,256000,0.00965545597867754,0.0022995406068760348,0.00043654666643262654,0.00965545597867754,0.0022995406068760348,0.00043654666643262654
0.058557974335324725,0.014015055879601257,0.04360309395566585,0.014015055879601257,0.04360309395566585,257001,257000,0.009840316416767364,0.0022535078358772564,0.0004398376515910646,0.009840316416767364,0.0022535078358772564,0.0004398376515910646
0.05850648645469999,0.014878930891034528,0.04651996405050161,0.014878930891034528,0.04651996405050161,258001,258000,0.010074941314918208,0.002333103208530377,0.00044877092219511777,0.010074941314918208,0.002333103208530377,0.00044877092219511777
0.0507644408981006,0.012762314386360211,0.04034248988231661,0.012762314386360211,0.04034248988231661,259001,259000,0.009737648812493093,0.002392295804310104,0.0004551372728176022,0.009737648812493093,0.002392295804310104,0.0004551372728176022
0.05767202576112188,0.012988394423991854,0.040914975277080066,0.012988394423991854,0.040914975277080066,260001,260000,0.009329826813660753,0.002310168952452859,0.00043570360652651907,0.009329826813660753,0.002310168952452859,0.00043570360652651907
0.053645401088321484,0.014474960714112948,0.044171579812693214,0.014474960714112948,0.044171579812693214,261001,261000,0.009689179800018143,0.002257899335198429,0.0004377357884254615,0.009689179800018143,0.002257899335198429,0.0004377357884254615
0.04736231633853723,0.012235620992723859,0.03843159113312142,0.012235620992723859,0.03843159113312142,262001,262000,0.009590674714114858,0.0023608676688981972,0.000396358355033044,0.009590674714114858,0.0023608676688981972,0.000396358355033044
0.10157662026510506,0.014341223395909774,0.043433825408733154,0.014341223395909774,0.043433825408733154,263001,263000,0.010625670851390084,0.002925642655046366,0.0006303428752483283,0.010625670851390084,0.002925642655046366,0.0006303428752483283
0.054651187405130155,0.013359718981591856,0.03873629665371959,0.013359718981591856,0.03873629665371959,264001,264000,0.00957596554549608,0.0023027528911994475,0.0004252002089241597,0.00957596554549608,0.0023027528911994475,0.0004252002089241597
0.058488637286487746,0.013280737139357358,0.039936482009851886,0.013280737139357358,0.039936482009851886,265001,265000,0.009842726970281535,0.002420926341917222,0.00038975344123173236,0.009842726970281535,0.002420926341917222,0.00038975344123173236
0.06669115061450587,0.013776507921087623,0.0411846059258998,0.013776507921087623,0.0411846059258998,266001,266000,0.009704836883857591,0.0022465177375942972,0.0004125152389537167,0.009704836883857591,0.0022465177375942972,0.0004125152389537167
0.057606265969040775,0.014027660459774785,0.04254048806261061,0.014027660459774785,0.04254048806261061,267001,267000,0.009401241360545343,0.0022728816166746107,0.00043310299727985173,0.009401241360545343,0.0022728816166746107,0.00043310299727985173
0.06241958842224249,0.014813661111700632,0.04496319921543963,0.014813661111700632,0.04496319921543963,268001,268000,0.009846221038465754,0.0022913554443016533,0.00041724285734398884,0.009846221038465754,0.0022913554443016533,0.00041724285734398884
0.056891446306183584,0.013291343818840678,0.041289996888503905,0.013291343818840678,0.041289996888503905,269001,269000,0.009628944875336906,0.0023213614990059534,0.00045523598875584615,0.009628944875336906,0.0023213614990059534,0.00045523598875584615
0.07846413855127933,0.012913331725460027,0.04084982348520263,0.012913331725460027,0.04084982348520263,270001,270000,0.009514518813767404,0.002290568104151382,0.0004715503463800278,0.009514518813767404,0.002290568104151382,0.0004715503463800278
0.049632382905885626,0.013131941524450696,0.039594556536804236,0.013131941524450696,0.039594556536804236,271001,271000,0.009714446889120149,0.0023598405501163012,0.000458480180305024,0.009714446889120149,0.0023598405501163012,0.000458480180305024
0.055194850439395045,0.013449104821731459,0.03920964192800616,0.013449104821731459,0.03920964192800616,272001,272000,0.00977975294413877,0.002436151003022769,0.00047908841669007797,0.00977975294413877,0.002436151003022769,0.00047908841669007797
0.05236881713363176,0.012926674974041827,0.03904407457133156,0.012926674974041827,0.03904407457133156,273001,273000,0.009489426848307335,0.0023340172687312585,0.00043817006752401274,0.009489426848307335,0.0023340172687312585,0.00043817006752401274
0.05028435503336169,0.012785080014589764,0.04033585357428671,0.012785080014589764,0.04033585357428671,274001,274000,0.00967204805474256,0.002511431261450332,0.00042314649259940056,0.00967204805474256,0.002511431261450332,0.00042314649259940056
0.05710085689307423,0.014053358748889907,0.042208630788641475,0.014053358748889907,0.042208630788641475,275001,275000,0.009751936323467464,0.0023565507614717158,0.0004335716763367208,0.009751936323467464,0.0023565507614717158,0.0004335716763367208
0.051552446236006036,0.013508697494267856,0.041526145039362784,0.013508697494267856,0.041526145039362784,276001,276000,0.009233508089476612,0.0024229015348412636,0.0004224378055632003,0.009233508089476612,0.0024229015348412636,0.0004224378055632003
0.05862207301425212,0.014166038826304414,0.044483519408851854,0.014166038826304414,0.044483519408851854,277001,277000,0.009595165155561896,0.0023278693196671124,0.0004182244964405462,0.009595165155561896,0.0023278693196671124,0.0004182244964405462
0.05120820801804948,0.013089091384630578,0.04011052679194786,0.013089091384630578,0.04011052679194786,278001,278000,0.009506645619368807,0.0023716887138897007,0.00040247082446654857,0.009506645619368807,0.0023716887138897007,0.00040247082446654857
0.0536414131645489,0.013813345785019917,0.04313724727637551,0.013813345785019917,0.04313724727637551,279001,279000,0.009742067634553363,0.0022578873120770136,0.0004284441709703158,0.009742067634553363,0.0022578873120770136,0.0004284441709703158
0.05976913499217215,0.012843343186235846,0.03643110137508143,0.012843343186235846,0.03643110137508143,280001,280000,0.009682448458902176,0.0023849944364491508,0.00044115293562083867,0.009682448458902176,0.0023849944364491508,0.00044115293562083867
0.06377906188295838,0.014375459816619713,0.04475236775891144,0.014375459816619713,0.04475236775891144,281001,281000,0.009907932891714375,0.0023915574660222476,0.00042193902120902404,0.009907932891714375,0.0023915574660222476,0.00042193902120902404
0.05034374383730835,0.014318622374543347,0.04174912198961008,0.014318622374543347,0.04174912198961008,282001,282000,0.009990848602719642,0.0023373029004467734,0.0004209364383487664,0.009990848602719642,0.0023373029004467734,0.0004209364383487664
0.0522952339002544,0.01350837433648849,0.04258255992077042,0.01350837433648849,0.04258255992077042,283001,283000,0.009442181130053602,0.0024636576635543852,0.0004118625738252985,0.009442181130053602,0.0024636576635543852,0.0004118625738252985
0.04979038419735144,0.013342622835109069,0.03842741638289959,0.013342622835109069,0.03842741638289959,284001,284000,0.009465246873479638,0.0024305575388411144,0.0004318249182991471,0.009465246873479638,0.0024305575388411144,0.0004318249182991471
0.0570705305381504,0.013927326526791144,0.041732472515749665,0.013927326526791144,0.041732472515749665,285001,285000,0.009823447061145477,0.0023747806010610195,0.0004120440630509803,0.009823447061145477,0.0023747806010610195,0.0004120440630509803
0.047273019840512444,0.013434474308538462,0.041521436594426635,0.013434474308538462,0.041521436594426635,286001,286000,0.00969674079234545,0.0025623777014535444,0.0004041070357797089,0.00969674079234545,0.0025623777014535444,0.0004041070357797089
0.04943150676497725,0.014462782872360545,0.04109622160937142,0.014462782872360545,0.04109622160937142,287001,287000,0.009599313251755516,0.0024145770936887306,0.0004251182159408008,0.009599313251755516,0.0024145770936887306,0.0004251182159408008
0.05418345404266655,0.012830202880053541,0.03795064113629885,0.012830202880053541,0.03795064113629885,288001,288000,0.009439528098867354,0.0023313607222195886,0.000427475370895226,0.009439528098867354,0.0023313607222195886,0.000427475370895226
0.06520265562225296,0.014682435636343113,0.04375782291698812,0.014682435636343113,0.04375782291698812,289001,289000,0.00997747313250161,0.0024952764805873905,0.00045692594273033694,0.00997747313250161,0.0024952764805873905,0.00045692594273033694
0.05190822305181675,0.013958779520762628,0.04245612710817819,0.013958779520762628,0.04245612710817819,290001,290000,0.009415218223657314,0.0024112244436053634,0.0004463507527894948,0.009415218223657314,0.0024112244436053634,0.0004463507527894948
0.050593393031221505,0.014120346626419651,0.04045561524821843,0.014120346626419651,0.04045561524821843,291001,291000,0.009873808786335349,0.0023237864561809797,0.00036663514422177865,0.009873808786335349,0.0023237864561809797,0.00036663514422177865
0.04750630673351372,0.013109781730840013,0.04097633949496093,0.013109781730840013,0.04097633949496093,292001,292000,0.009657379185992188,0.00234699016154584,0.00041190566741621995,0.009657379185992188,0.00234699016154584,0.00041190566741621995
0.05608749003241288,0.014118933784993728,0.04331094690823092,0.014118933784993728,0.04331094690823092,293001,293000,0.009862865773029616,0.0023088436877238988,0.00042572894253680723,0.009862865773029616,0.0023088436877238988,0.00042572894253680723
0.05185019396461926,0.012718125041217724,0.04028734919946581,0.012718125041217724,0.04028734919946581,294001,294000,0.009409883476389129,0.0023338528072042787,0.0004005762246409604,0.009409883476389129,0.0023338528072042787,0.0004005762246409604
0.060099589451012875,0.013471434298458903,0.041905980546116106,0.013471434298458903,0.041905980546116106,295001,295000,0.009148737229597678,0.0022882260251912328,0.0004349814944077933,0.009148737229597678,0.0022882260251912328,0.0004349814944077933
0.05896857076766223,0.0132372626512006,0.040734912379154824,0.0132372626512006,0.040734912379154824,296001,296000,0.009225482382931197,0.0024999713406613703,0.0004533099570253397,0.009225482382931197,0.0024999713406613703,0.0004533099570253397
0.052398325731289545,0.014167664359869431,0.041819589319176766,0.014167664359869431,0.041819589319176766,297001,297000,0.010049943422432983,0.0024363097862853847,0.000426174240914645,0.010049943422432983,0.0024363097862853847,0.000426174240914645
0.053077502460230574,0.012151450844445192,0.03911084954869814,0.012151450844445192,0.03911084954869814,298001,298000,0.00959294801849712,0.00225974788806455,0.00040724646875136915,0.00959294801849712,0.00225974788806455,0.00040724646875136915
0.053759370687977405,0.013021017987230155,0.0408842876949925,0.013021017987230155,0.0408842876949925,299001,299000,0.009693735647712831,0.002541901113673242,0.0004369055410705557,0.009693735647712831,0.002541901113673242,0.0004369055410705557
0.04644675986652538,0.013062836477256487,0.04301137499934197,0.013062836477256487,0.04301137499934197,300001,300000,0.009897710986442834,0.002348822212506101,0.00043997955478072647,0.009897710986442834,0.002348822212506101,0.00043997955478072647
0.04592451382406002,0.012622711760661355,0.042133997687462524,0.012622711760661355,0.042133997687462524,301001,301000,0.009788962690967386,0.002273220572331953,0.0003792818655104685,0.009788962690967386,0.002273220572331953,0.0003792818655104685
0.06269265540959913,0.013551495501145858,0.04296663096632627,0.013551495501145858,0.04296663096632627,302001,302000,0.009172227219537352,0.002291024321745963,0.0003972668142867358,0.009172227219537352,0.002291024321745963,0.0003972668142867358
0.05330391648480229,0.014612272296224551,0.04683705704707292,0.014612272296224551,0.04683705704707292,303001,303000,0.00952625559827234,0.0023677091031389015,0.0003760969767816794,0.00952625559827234,0.0023677091031389015,0.0003760969767816794
0.08554603661072621,0.013189161245660217,0.04028934635206818,0.013189161245660217,0.04028934635206818,304001,304000,0.010324752400079244,0.002322878912698205,0.00042083183405995254,0.010324752400079244,0.002322878912698205,0.00042083183405995254
0.06492310457385049,0.014478528588864715,0.042217524230782615,0.014478528588864715,0.042217524230782615,305001,305000,0.009482935346736037,0.002213276762194539,0.0004304461548282648,0.009482935346736037,0.002213276762194539,0.0004304461548282648
0.06004811789678021,0.013239939736595305,0.040408799881152674,0.013239939736595305,0.040408799881152674,306001,306000,0.009864154332560531,0.0022324774257867844,0.00040523829011362956,0.009864154332560531,0.0022324774257867844,0.00040523829011362956
0.07102715875734263,0.014274987018536208,0.04279421598813128,0.014274987018536208,0.04279421598813128,307001,307000,0.010313777492838572,0.0025184360566754597,0.0004104283041346613,0.010313777492838572,0.0025184360566754597,0.0004104283041346613
0.06409659244678619,0.015307502128300243,0.0442511644082289,0.015307502128300243,0.0442511644082289,308001,308000,0.00939609501550155,0.0020931720903129567,0.00042643740333888854,0.00939609501550155,0.0020931720903129567,0.00042643740333888854
0.05342610537306213,0.012755265235246014,0.04050473459372831,0.012755265235246014,0.04050473459372831,309001,309000,0.009828796323985497,0.002196602408785662,0.0003907394555274277,0.009828796323985497,0.002196602408785662,0.0003907394555274277
0.049699055141892906,0.012567250277847058,0.03971700608585167,0.012567250277847058,0.03971700608585167,310001,310000,0.010175618515456564,0.0024036626217077183,0.00037877732030798213,0.010175618515456564,0.0024036626217077183,0.00037877732030798213
0.051364156277875064,0.013791102331364569,0.04450099721208822,0.013791102331364569,0.04450099721208822,311001,311000,0.009267461339781995,0.002291843622515442,0.00037244315899442946,0.009267461339781995,0.002291843622515442,0.00037244315899442946
0.056281183319996916,0.013258197435039632,0.040941017026442136,0.013258197435039632,0.040941017026442136,312001,312000,0.010073490657957616,0.00238090948698755,0.00041658338948722025,0.010073490657957616,0.00238090948698755,0.00041658338948722025
0.07191398701706297,0.014113491010779383,0.040133590004901507,0.014113491010779383,0.040133590004901507,313001,313000,0.010056350696030399,0.0024181548609145337,0.000388908449509059,0.010056350696030399,0.0024181548609145337,0.000388908449509059
0.07092392612810333,0.015969044365352646,0.04696898742970148,0.015969044365352646,0.04696898742970148,314001,314000,0.010170145272509243,0.0024621985859994305,0.00038717899999186466,0.010170145272509243,0.0024621985859994305,0.00038717899999186466
0.0600323793186328,0.012665772430467726,0.03677631453884872,0.012665772430467726,0.03677631453884872,315001,315000,0.00977504522011462,0.002330476078242214,0.00038513842363292446,0.00977504522011462,0.002330476078242214,0.00038513842363292446
0.05849303365068671,0.012728168248424473,0.03900240748843623,0.012728168248424473,0.03900240748843623,316001,316000,0.009590753104054817,0.0024725870742437774,0.0003966026721828997,0.009590753104054817,0.0024725870742437774,0.0003966026721828997
0.11403685965172404,0.012059335092781108,0.03869101840970446,0.012059335092781108,0.03869101840970446,317001,317000,0.009403843690283572,0.0022506196365002875,0.0003933674150065404,0.009403843690283572,0.0022506196365002875,0.0003933674150065404
0.0561934668760629,0.01373685046641913,0.03897435385085671,0.01373685046641913,0.03897435385085671,318001,318000,0.009925569049293486,0.002456716031980056,0.00037360870420561395,0.009925569049293486,0.002456716031980056,0.00037360870420561395
0.05335332986041395,0.012240550590293432,0.03727160066343575,0.012240550590293432,0.03727160066343575,319001,319000,0.009724409820238698,0.0022619992613664456,0.0003554788893535191,0.009724409820238698,0.0022619992613664456,0.0003554788893535191
0.05697557390676024,0.012848696241737349,0.04222646108608647,0.012848696241737349,0.04222646108608647,320001,320000,0.009489095070364563,0.002342344311598153,0.00038459734552396597,0.009489095070364563,0.002342344311598153,0.00038459734552396597
0.06109390275383924,0.01345152454335041,0.04013522145694346,0.01345152454335041,0.04013522145694346,321001,321000,0.009963190618879356,0.002191191902151331,0.00039201638833493433,0.009963190618879356,0.002191191902151331,0.00039201638833493433
0.05776667526616164,0.014815430504611858,0.04216660928332071,0.014815430504611858,0.04216660928332071,322001,322000,0.00952443265450302,0.002332031582057936,0.0003803772411645787,0.00952443265450302,0.002332031582057936,0.0003803772411645787
0.05612250823814168,0.014053320801212958,0.04256683810275387,0.014053320801212958,0.04256683810275387,323001,323000,0.009204487345414234,0.002329853251925667,0.00038492584633242183,0.009204487345414234,0.002329853251925667,0.00038492584633242183
0.05402368120080918,0.013245664248657705,0.03965720170181082,0.013245664248657705,0.03965720170181082,324001,324000,0.009148962282165572,0.0023987812856675964,0.00036796266695269966,0.009148962282165572,0.0023987812856675964,0.00036796266695269966
0.057413762676297414,0.014234686002178934,0.04279667682083256,0.014234686002178934,0.04279667682083256,325001,325000,0.010037109793302088,0.0022696213813042008,0.0003615098136715067,0.010037109793302088,0.0022696213813042008,0.0003615098136715067
